Class;Clade_specific_expansion;Gene;Aurelia_scaffold;Aurelia_new_genes;Rhopilema_prot;Rhopilema_gene;Sanderia_prot;Sanderia_gene;Tripedalia;Clytia;Hydra;Nematostella;Exaptaisia
FOXN2/3;;FOXN2/3;scaffold16.g589;ACOE016G020034;XP_065052498.1;LOC135681803;ENSXQXP00000026145.1;ENSXQXG00000018279.1;ENA_GHAQ01048212_GHAQ01048212.1;XLOC_028622;HVAEP6.G011403;NV2.11642.1;XP_020911880.1
FOXN1/4;;FOXN1/4;scaffold18.g661;ACOE018G022086;XP_065072406.1;LOC135696813;ENSXQXP00000026632.1;ENSXQXG00000018584.1;ENA_GHAQ01068163_GHAQ01068163.1;XLOC_0166380;HVAEP3.G005557;NV2.14917.1;XP_020892444.1
FOXO;;FOXO;scaffold11.g208;ACOE011G014209;XP_065057244.1;LOC135685283;ENSXQXP00000001352.1;ENSXQXG00000001178.1;ENA_GHAQ01131611_GHAQ01131611.1;XLOC_004723;HVAEP3.G005217;NV2.9025.1;XP_020895685.1
FOXO;Anthozoan_specific_FOXO_expansion;AntFOXO.1;-;NA;-;NA;-;NA;-;-;-;NV2.13053.1;XP_020907065.1
FOXO;Anthozoan_specific_FOXO_expansion;AntFOXO.2;-;NA;-;NA;-;NA;-;-;-;NV2.13744.1;XP_028519169.1
FOXO;Anthozoan_specific_FOXO_expansion;AntFOXO.3;-;NA;-;NA;-;NA;-;-;-;NV2.14350.1;XP_028519169.1
FOXO;Anthozoan_specific_FOXO_expansion;AntFOXO.4;-;NA;-;NA;-;NA;-;-;-;NV2.20634.1;XP_020915574.1
FOXP;;FOXP;scaffold20.g528;ACOE020G023844;XP_065066917.1;NA;ENSXQXP00000007889.1;ENSXQXG00000006040.1;ENA_GHAQ01073254_GHAQ01073254.1;XLOC_042667;HVAEP14.G026976;NV2.645.2;XP_020898095.1
FOXM;;FOXM;-;NA;-;NA;-;NA;-;-;-;NV2.18631.1;XP_020906948.1
FOXJ2/3;;FOXJ2/3;scaffold19.g250;ACOE019G022474;XP_065060988.1;LOC135688186;ENSXQXP00000020250.1;ENSXQXG00000014319.1;ENA_GHAQ01048157_GHAQ01048157.1;TRINITY_DN48476_c0_g2_i1;;NV2.13336.1;XP_020900450.1
FOXJ1;;FOXJ1;scaffold13.g541;ACOE013G016840;XP_065065561.1;LOC135691598;ENSXQXP00000016450.1;ENSXQXG00000011708.1;ENA_GHAQ01098555_GHAQ01098555.1;XLOC_002186;HVAEP8.G014722;NV2.7956.1;XP_020903174.1
FOXK;;FOXK;scaffold13.g277;ACOE013G016410;XP_065065606.1;LOC135691615;ENSXQXP00000014510.1;ENSXQXG00000010395.1;ENA_GHAQ01016578_GHAQ01016578.1;XLOC_029186;HVAEP8.G015369;NV2.7400.1;XP_020914191.1
FOXD;;FOXD;scaffold1.g144;ACOE001G000161;XP_065058170.1;LOC135685973;ENSXQXP00000009239.1;ENSXQXG00000006953.1;ENA_GHAQ01119036_GHAQ01119036.1;-;-;-;-
FOXD;Anthozoan_specific_FOXD_duplication;AntFOXD.1;-;NA;-;NA;-;NA;-;-;-;-;XP_020891812.1
FOXD;Anthozoan_specific_FOXD_duplication;AntFOXD.2;-;NA;-;NA;-;NA;-;-;-;NV2.23089.1;XP_020917652.1
FOXD;Anthozoan_specific_FOXD_duplication;AntFOXD.3;;NA;;NA;;NA;;;;NV2.25991.1;XP_020917839.1
FOXC;;FOXC;scaffold6.g58;ACOE006G007981;XP_065065228.1;LOC135691323;ENSXQXP00000029581.1;ENSXQXG00000020522.1;-;XLOC_001095;HVAEP15.G027359;NV2.30002.1;XP_020902419.1
FOXA;;FOXA;scaffold16.g749;ACOE016G020206;XP_065052199.1;LOC135681587;ENSXQXP00000024501.1;ENSXQXG00000017190.1;ENA_GHAQ01132272_GHAQ01132272.1;XLOC_044586;HVAEP6.G011613;NV2.11441.1;XP_020893103.1
FOXB;;FOXB;-;NA;-;NA;-;NA;;-;-;NV2.25999.1;XP_020904925.1
FOXB;Scyphozoan_specific_FOXB_duplication;ScyFOXB1;foxB1;NA;FoxB1_NW_027019762.1_7813099-7813888_translated;NA;ENSXQXP00000011504.1;ENSXQXG00000008379.1;ENA_GHAQ01133162_GHAQ01133162.1;;;-;-
FOXB;Scyphozoan_specific_FOXB_duplication;ScyFOXB2;scaffold13.g642;ACOE013G016949;XP_065066175.1;LOC135692080;ENSXQXP00000012300.1;ENSXQXG00000008891.1;;;;-;-
FOXB;Scyphozoan_specific_FOXB_duplication;ScyFOXB3;scaffold8.g352;ACOE008G010792;;NA;ENSXQXP00000015714.1;ENSXQXG00000011219.1;;;;-;-
FOXB;Hydrozoan_specific_FOXB_duplication;HydFOXB1;-;NA;-;NA;-;NA;-;XLOC_018078;HVAEP12.G022887;-;-
FOXB;Hydrozoan_specific_FOXB_duplication;HydFOXB2;-;NA;-;NA;-;NA;-;XLOC_042605;;-;-
FOXA/B;-;FOXA/B;-;NA;-;NA;-;NA;-;-;-;NV2.23888.1;XP_020904840.1
FOXL2;;FOXL2;-;NA;-;NA;-;NA;ENA_GHAQ01075739_GHAQ01075739.1;XLOC_004809;-;NV2.14459.1;XP_020913639.1
FOXL2;Scyphozoan_specific_FOXL2_duplication;FOXL2.1;scaffold19.g81;ACOE019G022282;XP_065060654.1;LOC135687949;;NA;-;-;-;-;-
FOXL2;Rhopilema_specific_FOXL2.1_duplication;FOXL2.1;;NA;XP_065061122.1;LOC135688274;ENSXQXP00000023261.1;ENSXQXG00000016430.1;-;-;-;-;-
FOXL2;Scyphozoan_specific_FOXL2_duplication;FOXL2.2;scaffold19.g80;ACOE019G022281;XP_065060653.1;LOC135687948;ENSXQXP00000023434.1;ENSXQXG00000016538.1;-;-;-;-;-
FOXG;;FOXG;-;NA;-;NA;-;NA;-;-;-;NV2.20035.1;XP_020909243.2
FOXQ2.1;;FOXQ2.1;-;NA;XP_065051725.1;LOC135681274;ENSXQXP00000023407.1;ENSXQXG00000016521.1;;XLOC_014597;;NV2.23678.1;XP_020908211.1
FOXQ2.2;Anthozoan_orthologs_of_Medusozoan_expansion;FOXQ2.2A/B/C/D/E;;NA;;NA;;NA;;;;NV2.232.1;XP_020903273.1
FOXQ2.2;Anthozoan_orthologs_of_Medusozoan_expansion;FOXQ2.2A/B/C/D/E;;NA;;NA;;NA;;;;NV2.1396.1;XP_020903274.1
FOXQ2.2;Medusozoan_FOXQ2.2_expansion;FOXQ2.2A;scaffold3.g570;ACOE003G004093;XP_065066505.1;LOC135692314;ENSXQXP00000032249.1;ENSXQXG00000022448.1;ENA_GHAQ01037600_GHAQ01037600.1;;;;
FOXQ2.2;Hydrozoan_specific_duplication_of_FOXQ2.2A;FOXQ2.2A1;;NA;;NA;;NA;;XLOC_003681;HVAEP9.G016399;;
FOXQ2.2;Hydrozoan_specific_duplication_of_FOXQ2.2A;FOXQ2.2A2;;NA;;NA;;NA;;XLOC_000890;;;
FOXQ2.2;Medusozoan_FOXQ2.2_expansion;FOXQ2.2B;scaffold18.g466;ACOE018G021866;XP_065060371.1;LOC135687676;ENSXQXP00000031108.1;ENSXQXG00000021611.1;ENA_GHAQ01020424_GHAQ01020424.1;-;-;;
FOXQ2.2;Medusozoan_FOXQ2.2_expansion;FOXQ2.2C;scaffold3.g220;ACOE003G003695;XP_065060136.1;LOC135687490;ENSXQXP00000028966.1;ENSXQXG00000020125.1;-;XLOC_035798;HVAEP9.G016939;;
FOXQ2.2;Medusozoan_FOXQ2.2_expansion;FOXQ2.2D;scaffold6.g184;ACOE006G008116;XP_065064909.1;LOC135691085;ENSXQXP00000029362.1;ENSXQXG00000020381.1;ENA_GHAQ01104189_GHAQ01104189.1;XLOC_004250;-;;
FOXQ2.2;Medusozoan_FOXQ2.2_expansion;FOXQ2.2E;scaffold1.g49;ACOE001G000051;XP_065059072.1;LOC135686708;ENSXQXP00000007747.1;ENSXQXG00000005939.1;ENA_GHAQ01054078_GHAQ01054078.1;XLOC_011738;;;
FOXQ2.2;Hydra_duplication_of_FOXQ2.2E;FOXQ2.2E1;;NA;;NA;;NA;;;HVAEP12.G021359;;
FOXQ2.2;Hydra_duplication_of_FOXQ2.2E;FOXQ2.2E2;;NA;;NA;;NA;;;HVAEP12.G021363;;
FOXQ2.2;;FOXQ2.2F;scaffold8.g689;ACOE008G011335;-;NA;-;NA;-;XLOC_010956;HVAEP13.G025203;;
FOXQ2.2;Anthozoan_duplication_of_FOXQ2.2F;FOXQ2.2F1;;NA;;NA;;NA;;;;NV2.13108.1;XP_020894072.1
FOXQ2.2;Anthozoan_duplication_of_FOXQ2.2F;FOXQ2.2F2;;NA;;NA;;NA;;;;NV2.13437.1;XP_020916973.1
FOXE;;FOXE;;NA;;NA;;NA;;;;NV2.413.1;XP_020891796.1
FOXQ1;;FOXQ1;;NA;;NA;;NA;;;;NV2.4570.1;XP_020896644.1
Uncertain_FOXF/H/Q1;;;scaffold14.g311;ACOE014G017493;;NA;ENSXQXP00000008067.1;ENSXQXG00000006168.1;;;;;
Unplaced_FOXQ2.2;;;;NA;;NA;;NA;ENA_GHAQ01006626_GHAQ01006626.1;;;;
Unplaced ;;Ant_unplacedFOX1;;NA;;NA;;NA;;;;NV2.30003.1;XP_020905431.1
Unplaced ;;Ant_unplacedFOX2;;NA;;NA;;NA;;;;NV2.7345.1;XP_020914209.1
Unplaced;;Scy_unplacedFOX;scaffold17.g697;ACOE017G021211;XP_065070786.1;LOC135695585;-;NA;;;;;